{
    "tp": 503933,
    "tn": 42475,
    "fp": 2864,
    "fn": 66362,
    "specificity": 0.9368314254835792,
    "accuracy": 0.8875533190174681,
    "precision": 0.9943488221122067,
    "recall": 0.8836356622449785,
    "f1": 0.9357287956831914,
    "f2": 0.9037610425050135,
    "roc_auc": 0.9623431262220344,
    "au_prc": 0.996757800885171,
    "sensitivity": 0.8836356622449785,
    "confusion_matrix": [
        [
            42475,
            2864
        ],
        [
            66362,
            503933
        ]
    ],
    "dataset": "Test",
    "model_name": "CatBoost"
}