{
    "tp": 324545,
    "tn": 75695,
    "fp": 158096,
    "fn": 57298,
    "specificity": 0.3237720870350013,
    "accuracy": 0.6501265362211963,
    "precision": 0.6724356198499506,
    "recall": 0.849943563192202,
    "f1": 0.7508409640895609,
    "f2": 0.8073206491699307,
    "roc_auc": 0.6269034084850988,
    "au_prc": 0.7119847067710217,
    "sensitivity": 0.849943563192202,
    "confusion_matrix": [
        [
            75695,
            158096
        ],
        [
            57298,
            324545
        ]
    ],
    "dataset": "Test",
    "model_name": "CatBoost"
}