{
    "class_0_tp": 115379,
    "class_0_fp": 52402,
    "class_0_fn": 68511,
    "class_0_tn": 73400,
    "class_1_tp": 1709,
    "class_1_fp": 39941,
    "class_1_fn": 1047,
    "class_1_tn": 266995,
    "class_2_tp": 657,
    "class_2_fp": 28963,
    "class_2_fn": 26,
    "class_2_tn": 280046,
    "class_3_tp": 37497,
    "class_3_fp": 33144,
    "class_3_fn": 84866,
    "class_3_tn": 154185,
    "specificity_macro": 0.7956676041846958,
    "specificity_weighted": 0.6813917269437616,
    "accuracy": 0.5012786897950221,
    "precision": 0.32042507192789194,
    "recall": 0.6289774496407352,
    "f1": 0.29126782988667477,
    "f2": 0.30928158706659237,
    "roc_auc": 0.7567544467663913,
    "au_prc": 0.36991782393539596,
    "sensitivity": 0.6289774496407352,
    "confusion_matrix": [
        [
            115379,
            24154,
            11381,
            32976
        ],
        [
            793,
            1709,
            97,
            157
        ],
        [
            7,
            8,
            657,
            11
        ],
        [
            51602,
            15779,
            17485,
            37497
        ]
    ],
    "dataset": "Test",
    "model_name": "CatBoost"
}