{
    "tp": 254023,
    "tn": 26778,
    "fp": 6531,
    "fn": 20485,
    "specificity": 0.8039268666126272,
    "accuracy": 0.9122335673468327,
    "precision": 0.9749341787115147,
    "recall": 0.9253755810395325,
    "f1": 0.9495086550717486,
    "f2": 0.9348800885626674,
    "roc_auc": 0.9017848781063686,
    "au_prc": 0.9811308652367233,
    "sensitivity": 0.9253755810395325,
    "confusion_matrix": [
        [
            26778,
            6531
        ],
        [
            20485,
            254023
        ]
    ],
    "dataset": "Test",
    "model_name": "CatBoost"
}