{
    "tp": 156393,
    "tn": 43349,
    "fp": 82164,
    "fn": 27786,
    "specificity": 0.34537458271254773,
    "accuracy": 0.6449698410033194,
    "precision": 0.655579169758171,
    "recall": 0.8491358949717395,
    "f1": 0.7399085954354491,
    "f2": 0.8017908831680975,
    "roc_auc": 0.6440385062658669,
    "au_prc": 0.7037526565485139,
    "sensitivity": 0.8491358949717395,
    "confusion_matrix": [
        [
            43349,
            82164
        ],
        [
            27786,
            156393
        ]
    ],
    "dataset": "Test",
    "model_name": "CatBoost"
}