{
    "tp": 170809,
    "tn": 31214,
    "fp": 77229,
    "fn": 28565,
    "specificity": 0.28783785029923553,
    "accuracy": 0.6563087808665539,
    "precision": 0.6886404502535902,
    "recall": 0.856726554114378,
    "f1": 0.7635423278767668,
    "f2": 0.8168505280555199,
    "roc_auc": 0.605551068966278,
    "au_prc": 0.7201964175513904,
    "sensitivity": 0.856726554114378,
    "confusion_matrix": [
        [
            31214,
            77229
        ],
        [
            28565,
            170809
        ]
    ],
    "dataset": "Test",
    "model_name": "CatBoost"
}