{
    "class_0_tp": 230178,
    "class_0_fp": 99046,
    "class_0_fn": 152786,
    "class_0_tn": 135499,
    "class_1_tp": 3193,
    "class_1_fp": 104537,
    "class_1_fn": 1942,
    "class_1_tn": 507837,
    "class_2_tp": 1061,
    "class_2_fp": 50988,
    "class_2_fn": 20,
    "class_2_tn": 565440,
    "class_3_tp": 62846,
    "class_3_fp": 65660,
    "class_3_fn": 165483,
    "class_3_tn": 323520,
    "specificity_macro": 0.7888933255525779,
    "specificity_weighted": 0.674158456434784,
    "accuracy": 0.4814148457755272,
    "precision": 0.3095569511742679,
    "recall": 0.6198990831500228,
    "f1": 0.27378965280212286,
    "f2": 0.2846460431250063,
    "roc_auc": 0.744584273149465,
    "au_prc": 0.33431376210424424,
    "sensitivity": 0.6198990831500228,
    "confusion_matrix": [
        [
            230178,
            66690,
            20728,
            65368
        ],
        [
            1514,
            3193,
            144,
            284
        ],
        [
            4,
            8,
            1061,
            8
        ],
        [
            97528,
            37839,
            30116,
            62846
        ]
    ],
    "dataset": "Test",
    "model_name": "CatBoost"
}