{
    "tp": 3900,
    "tn": 335,
    "fp": 44,
    "fn": 479,
    "specificity": 0.8839050131926122,
    "accuracy": 0.8900798654897015,
    "precision": 0.9888438133874239,
    "recall": 0.890614295501256,
    "f1": 0.9371620809804158,
    "f2": 0.9086672879776329,
    "roc_auc": 0.95634116052809,
    "au_prc": 0.9957875659914501,
    "sensitivity": 0.890614295501256,
    "confusion_matrix": [
        [
            335,
            44
        ],
        [
            479,
            3900
        ]
    ],
    "dataset": "Test",
    "model_name": "CatBoost"
}