{
    "tp": 505008,
    "tn": 42673,
    "fp": 2836,
    "fn": 66992,
    "specificity": 0.9376826561778989,
    "accuracy": 0.8869198667549785,
    "precision": 0.9944156079425965,
    "recall": 0.8828811188811189,
    "f1": 0.9353351039594608,
    "f2": 0.9031405185697056,
    "roc_auc": 0.9623835726722463,
    "au_prc": 0.9967584594665079,
    "sensitivity": 0.8828811188811189,
    "confusion_matrix": [
        [
            42673,
            2836
        ],
        [
            66992,
            505008
        ]
    ],
    "dataset": "Test",
    "model_name": "CatBoost"
}