{
    "tp": 2064,
    "tn": 1165,
    "fp": 492,
    "fn": 1037,
    "specificity": 0.7030778515389258,
    "accuracy": 0.6786464901218999,
    "precision": 0.8075117370892019,
    "recall": 0.6655917445985166,
    "f1": 0.7297153968534559,
    "f2": 0.6898395721925134,
    "roc_auc": 0.7816796302787058,
    "au_prc": 0.8723049994147243,
    "sensitivity": 0.6655917445985166,
    "confusion_matrix": [
        [
            1165,
            492
        ],
        [
            1037,
            2064
        ]
    ],
    "dataset": "Test",
    "model_name": "CatBoost"
}