{
    "tp": 485466,
    "tn": 69638,
    "fp": 13896,
    "fn": 46634,
    "specificity": 0.8336485742332463,
    "accuracy": 0.9016785947494778,
    "precision": 0.9721724920999195,
    "recall": 0.9123585792144334,
    "f1": 0.941316306369018,
    "f2": 0.923725207990678,
    "roc_auc": 0.9118083253195916,
    "au_prc": 0.9792466340903692,
    "sensitivity": 0.9123585792144334,
    "confusion_matrix": [
        [
            69638,
            13896
        ],
        [
            46634,
            485466
        ]
    ],
    "dataset": "Test",
    "model_name": "CatBoost"
}