{
    "class_0_tp": 97546,
    "class_0_fp": 38332,
    "class_0_fn": 101528,
    "class_0_tn": 70411,
    "class_1_tp": 1662,
    "class_1_fp": 79594,
    "class_1_fn": 717,
    "class_1_tn": 225844,
    "class_2_tp": 396,
    "class_2_fp": 18042,
    "class_2_fn": 2,
    "class_2_tn": 289377,
    "class_3_tp": 32193,
    "class_3_fp": 40052,
    "class_3_fn": 73773,
    "class_3_tn": 161799,
    "specificity_macro": 0.7824493047507912,
    "specificity_weighted": 0.701630483572698,
    "accuracy": 0.4281667354304668,
    "precision": 0.3013584859059032,
    "recall": 0.6218478562317118,
    "f1": 0.25638243343204037,
    "f2": 0.25951811333346386,
    "roc_auc": 0.7401658456470164,
    "au_prc": 0.36379092115585077,
    "sensitivity": 0.6218478562317118,
    "confusion_matrix": [
        [
            97546,
            53883,
            7730,
            39915
        ],
        [
            535,
            1662,
            46,
            136
        ],
        [
            1,
            0,
            396,
            1
        ],
        [
            37796,
            25711,
            10266,
            32193
        ]
    ],
    "dataset": "Test",
    "model_name": "CatBoost"
}