{
    "tp": 242928,
    "tn": 27553,
    "fp": 1942,
    "fn": 37269,
    "specificity": 0.9341583319206646,
    "accuracy": 0.8733871071903698,
    "precision": 0.9920692612406583,
    "recall": 0.8669900105996852,
    "f1": 0.925321911298939,
    "f2": 0.8894174090438456,
    "roc_auc": 0.9569219693462916,
    "au_prc": 0.995130976854774,
    "sensitivity": 0.8669900105996852,
    "confusion_matrix": [
        [
            27553,
            1942
        ],
        [
            37269,
            242928
        ]
    ],
    "dataset": "Test",
    "model_name": "CatBoost"
}