{
    "class_0_tp": 232582,
    "class_0_fp": 99498,
    "class_0_fn": 149261,
    "class_0_tn": 134293,
    "class_1_tp": 3037,
    "class_1_fp": 99578,
    "class_1_fn": 2073,
    "class_1_tn": 510946,
    "class_2_tp": 1041,
    "class_2_fp": 55293,
    "class_2_fn": 35,
    "class_2_tn": 559265,
    "class_3_tp": 60828,
    "class_3_fp": 63777,
    "class_3_fn": 166777,
    "class_3_tn": 324252,
    "specificity_macro": 0.7892447083465537,
    "specificity_weighted": 0.6737566591723154,
    "accuracy": 0.4832221742138998,
    "precision": 0.3091552918320004,
    "recall": 0.6095382976642509,
    "f1": 0.2724044506588067,
    "f2": 0.2821225083039698,
    "roc_auc": 0.7410767547499929,
    "au_prc": 0.3444509914857215,
    "sensitivity": 0.6095382976642509,
    "confusion_matrix": [
        [
            232582,
            63453,
            22332,
            63476
        ],
        [
            1593,
            3037,
            196,
            284
        ],
        [
            5,
            13,
            1041,
            17
        ],
        [
            97900,
            36112,
            32765,
            60828
        ]
    ],
    "dataset": "Test",
    "model_name": "CatBoost"
}