{
    "tp": 232757,
    "tn": 43184,
    "fp": 7478,
    "fn": 26273,
    "specificity": 0.8523942994749516,
    "accuracy": 0.8910175270914328,
    "precision": 0.9688721460236851,
    "recall": 0.8985715940238582,
    "f1": 0.9323986259801909,
    "f2": 0.9118035342831736,
    "roc_auc": 0.9138654638406896,
    "au_prc": 0.9763523151581588,
    "sensitivity": 0.8985715940238582,
    "confusion_matrix": [
        [
            43184,
            7478
        ],
        [
            26273,
            232757
        ]
    ],
    "dataset": "Test",
    "model_name": "CatBoost"
}