{
    "tp": 263478,
    "tn": 15370,
    "fp": 809,
    "fn": 28160,
    "specificity": 0.9499969095741393,
    "accuracy": 0.905888888527924,
    "precision": 0.9969389338105923,
    "recall": 0.9034419382933637,
    "f1": 0.9478904528488555,
    "f2": 0.9207115545494636,
    "roc_auc": 0.9722816481224521,
    "au_prc": 0.9983525437416174,
    "sensitivity": 0.9034419382933637,
    "confusion_matrix": [
        [
            15370,
            809
        ],
        [
            28160,
            263478
        ]
    ],
    "dataset": "Test",
    "model_name": "CatBoost"
}