{
    "tp": 328810,
    "tn": 73803,
    "fp": 160742,
    "fn": 54154,
    "specificity": 0.31466456330341724,
    "accuracy": 0.6519953555332797,
    "precision": 0.6716549008072686,
    "recall": 0.8585924525542871,
    "f1": 0.7537053761764827,
    "f2": 0.813319230951891,
    "roc_auc": 0.6277507590176553,
    "au_prc": 0.7125004020116061,
    "sensitivity": 0.8585924525542871,
    "confusion_matrix": [
        [
            73803,
            160742
        ],
        [
            54154,
            328810
        ]
    ],
    "dataset": "Test",
    "model_name": "CatBoost"
}