{
    "tp": 486872,
    "tn": 69898,
    "fp": 13943,
    "fn": 46796,
    "specificity": 0.8336971171622476,
    "accuracy": 0.9016386805698379,
    "precision": 0.9721593802102573,
    "recall": 0.9123125238912583,
    "f1": 0.941285647033349,
    "f2": 0.9236850722466095,
    "roc_auc": 0.9120148840487269,
    "au_prc": 0.9793038705389652,
    "sensitivity": 0.9123125238912583,
    "confusion_matrix": [
        [
            69898,
            13943
        ],
        [
            46796,
            486872
        ]
    ],
    "dataset": "Test",
    "model_name": "CatBoost"
}