{
    "tp": 4560,
    "tn": 56,
    "fp": 0,
    "fn": 142,
    "specificity": 1.0,
    "accuracy": 0.9701555275325767,
    "precision": 1.0,
    "recall": 0.9698000850701829,
    "f1": 0.9846685381127186,
    "f2": 0.9756932557343375,
    "roc_auc": 0.9982796074618705,
    "au_prc": 0.9999762534642056,
    "sensitivity": 0.9698000850701829,
    "confusion_matrix": [
        [
            56,
            0
        ],
        [
            142,
            4560
        ]
    ],
    "dataset": "Test",
    "model_name": "CatBoost"
}