{
    "tp": 192939,
    "tn": 13971,
    "fp": 94472,
    "fn": 6435,
    "specificity": 0.12883265863172358,
    "accuracy": 0.6721850969894451,
    "precision": 0.6712999850388468,
    "recall": 0.9677239760450209,
    "f1": 0.7927072526885586,
    "f2": 0.889196032470986,
    "roc_auc": 0.6266749952433418,
    "au_prc": 0.7382322638902376,
    "sensitivity": 0.9677239760450209,
    "confusion_matrix": [
        [
            13971,
            94472
        ],
        [
            6435,
            192939
        ]
    ],
    "dataset": "Test",
    "model_name": "XGBoost"
}