{
    "tp": 564006,
    "tn": 19580,
    "fp": 26048,
    "fn": 6000,
    "specificity": 0.42912246865959497,
    "accuracy": 0.9479430960603216,
    "precision": 0.9558548878577215,
    "recall": 0.9894737950126841,
    "f1": 0.9723738427322725,
    "f2": 0.9825621463946276,
    "roc_auc": 0.9605376234828066,
    "au_prc": 0.9965460233206044,
    "sensitivity": 0.9894737950126841,
    "confusion_matrix": [
        [
            19580,
            26048
        ],
        [
            6000,
            564006
        ]
    ],
    "dataset": "Test",
    "model_name": "XGBoost"
}