{
    "class_0_tp": 183556,
    "class_0_fp": 85848,
    "class_0_fn": 15818,
    "class_0_tn": 22595,
    "class_1_tp": 0,
    "class_1_fp": 0,
    "class_1_fn": 2364,
    "class_1_tn": 305453,
    "class_2_tp": 0,
    "class_2_fp": 0,
    "class_2_fn": 413,
    "class_2_tn": 307404,
    "class_3_tp": 21826,
    "class_3_fp": 16587,
    "class_3_fn": 83840,
    "class_3_tn": 185564,
    "specificity_macro": 0.7815764457396515,
    "specificity_weighted": 0.45908467431288424,
    "accuracy": 0.6672211086457214,
    "precision": 0.3123835234810879,
    "recall": 0.2818045448183198,
    "f1": 0.2715245406710075,
    "f2": 0.27422888835662906,
    "roc_auc": 0.7122039149225188,
    "au_prc": 0.31000137099656566,
    "sensitivity": 0.2818045448183198,
    "confusion_matrix": [
        [
            183556,
            0,
            0,
            15818
        ],
        [
            1965,
            0,
            0,
            399
        ],
        [
            43,
            0,
            0,
            370
        ],
        [
            83840,
            0,
            0,
            21826
        ]
    ],
    "dataset": "Test",
    "model_name": "XGBoost"
}