{
    "tp": 518602,
    "tn": 46903,
    "fp": 37033,
    "fn": 14971,
    "specificity": 0.5587947960350743,
    "accuracy": 0.9157842233878373,
    "precision": 0.9333501309312768,
    "recall": 0.9719419835711327,
    "f1": 0.952255216634472,
    "f2": 0.9639703977096776,
    "roc_auc": 0.9213429220320902,
    "au_prc": 0.9816487881817467,
    "sensitivity": 0.9719419835711327,
    "confusion_matrix": [
        [
            46903,
            37033
        ],
        [
            14971,
            518602
        ]
    ],
    "dataset": "Test",
    "model_name": "XGBoost"
}