{
    "class_0_tp": 346661,
    "class_0_fp": 171951,
    "class_0_fn": 36892,
    "class_0_tn": 62005,
    "class_1_tp": 0,
    "class_1_fp": 0,
    "class_1_fn": 5046,
    "class_1_tn": 612463,
    "class_2_tp": 0,
    "class_2_fp": 0,
    "class_2_fn": 1117,
    "class_2_tn": 616392,
    "class_3_tp": 59921,
    "class_3_fp": 38976,
    "class_3_fn": 167872,
    "class_3_tn": 350740,
    "specificity_macro": 0.7912542941545734,
    "specificity_weighted": 0.5065943843998807,
    "accuracy": 0.658422792218413,
    "precision": 0.31858324740165905,
    "recall": 0.29171633588580714,
    "f1": 0.2838365372835254,
    "f2": 0.28524245958040284,
    "roc_auc": 0.7235568936140885,
    "au_prc": 0.333764264120739,
    "sensitivity": 0.29171633588580714,
    "confusion_matrix": [
        [
            346661,
            0,
            0,
            36892
        ],
        [
            3902,
            0,
            0,
            1144
        ],
        [
            177,
            0,
            0,
            940
        ],
        [
            167872,
            0,
            0,
            59921
        ]
    ],
    "dataset": "Test",
    "model_name": "XGBoost"
}