{
    "tp": 565707,
    "tn": 19631,
    "fp": 26156,
    "fn": 6015,
    "specificity": 0.4287461506541158,
    "accuracy": 0.9479019738983562,
    "precision": 0.9558073405500935,
    "recall": 0.9894791524552142,
    "f1": 0.9723518264673402,
    "f2": 0.9825563239057494,
    "roc_auc": 0.9605933580747319,
    "au_prc": 0.996553668086303,
    "sensitivity": 0.9894791524552142,
    "confusion_matrix": [
        [
            19631,
            26156
        ],
        [
            6015,
            565707
        ]
    ],
    "dataset": "Test",
    "model_name": "XGBoost"
}