{
    "tp": 3092,
    "tn": 101,
    "fp": 1556,
    "fn": 9,
    "specificity": 0.06095353047676524,
    "accuracy": 0.6710802858343842,
    "precision": 0.6652323580034424,
    "recall": 0.9970977104159948,
    "f1": 0.7980384565750419,
    "f2": 0.9066385174759559,
    "roc_auc": 0.6765464135714976,
    "au_prc": 0.7949570350954289,
    "sensitivity": 0.9970977104159948,
    "confusion_matrix": [
        [
            101,
            1556
        ],
        [
            9,
            3092
        ]
    ],
    "dataset": "Test",
    "model_name": "XGBoost"
}