{
    "tp": 275829,
    "tn": 13621,
    "fp": 15874,
    "fn": 4368,
    "specificity": 0.4618070859467706,
    "accuracy": 0.9346382857807112,
    "precision": 0.9455816361161866,
    "recall": 0.984410967997516,
    "f1": 0.9646057002972548,
    "f2": 0.9763920619671205,
    "roc_auc": 0.9533498079747796,
    "au_prc": 0.9946719116067465,
    "sensitivity": 0.984410967997516,
    "confusion_matrix": [
        [
            13621,
            15874
        ],
        [
            4368,
            275829
        ]
    ],
    "dataset": "Test",
    "model_name": "XGBoost"
}