{
    "tp": 267210,
    "tn": 18830,
    "fp": 14444,
    "fn": 7333,
    "specificity": 0.5659073150207369,
    "accuracy": 0.9292534200515241,
    "precision": 0.9487172204193798,
    "recall": 0.9732901585543977,
    "f1": 0.9608466065081257,
    "f2": 0.9682742606676494,
    "roc_auc": 0.9144809911980429,
    "au_prc": 0.9839392437449576,
    "sensitivity": 0.9732901585543977,
    "confusion_matrix": [
        [
            18830,
            14444
        ],
        [
            7333,
            267210
        ]
    ],
    "dataset": "Test",
    "model_name": "XGBoost"
}