{
    "tp": 356473,
    "tn": 51778,
    "fp": 181419,
    "fn": 25964,
    "specificity": 0.22203544642512554,
    "accuracy": 0.6631391378643805,
    "precision": 0.6627222565124598,
    "recall": 0.932109079403928,
    "f1": 0.7746642776659216,
    "f2": 0.8620286897138767,
    "roc_auc": 0.6446458822997596,
    "au_prc": 0.7286501347800546,
    "sensitivity": 0.932109079403928,
    "confusion_matrix": [
        [
            51778,
            181419
        ],
        [
            25964,
            356473
        ]
    ],
    "dataset": "Test",
    "model_name": "XGBoost"
}