{
    "class_0_tp": 164763,
    "class_0_fp": 82836,
    "class_0_fn": 19416,
    "class_0_tn": 42677,
    "class_1_tp": 105,
    "class_1_fp": 12,
    "class_1_fn": 2577,
    "class_1_tn": 306998,
    "class_2_tp": 30,
    "class_2_fp": 2,
    "class_2_fn": 674,
    "class_2_tn": 308986,
    "class_3_tp": 41477,
    "class_3_fp": 20467,
    "class_3_fn": 80650,
    "class_3_tn": 167098,
    "specificity_macro": 0.8077138727458728,
    "specificity_weighted": 0.564467595913551,
    "accuracy": 0.6663878950699405,
    "precision": 0.792491867976327,
    "recall": 0.3289915522367973,
    "f1": 0.3425988630372728,
    "f2": 0.328693599963337,
    "roc_auc": 0.8033393909796334,
    "au_prc": 0.4527943332371602,
    "sensitivity": 0.3289915522367973,
    "confusion_matrix": [
        [
            164763,
            5,
            1,
            19410
        ],
        [
            2057,
            105,
            0,
            520
        ],
        [
            136,
            1,
            30,
            537
        ],
        [
            80643,
            6,
            1,
            41477
        ]
    ],
    "dataset": "Test",
    "model_name": "XGBoost"
}