{
    "tp": 517162,
    "tn": 46665,
    "fp": 36966,
    "fn": 14841,
    "specificity": 0.5579868708971554,
    "accuracy": 0.9158477277083462,
    "precision": 0.9332897814223429,
    "recall": 0.9721035407695069,
    "f1": 0.9523013338170073,
    "f2": 0.9640846488251918,
    "roc_auc": 0.9213042388389187,
    "au_prc": 0.9816578084311656,
    "sensitivity": 0.9721035407695069,
    "confusion_matrix": [
        [
            46665,
            36966
        ],
        [
            14841,
            517162
        ]
    ],
    "dataset": "Test",
    "model_name": "XGBoost"
}