{
    "class_0_tp": 345735,
    "class_0_fp": 171406,
    "class_0_fn": 36702,
    "class_0_tn": 61791,
    "class_1_tp": 0,
    "class_1_fp": 0,
    "class_1_fn": 5030,
    "class_1_tn": 610604,
    "class_2_tp": 0,
    "class_2_fp": 0,
    "class_2_fn": 1111,
    "class_2_tn": 614523,
    "class_3_tp": 59714,
    "class_3_fp": 38779,
    "class_3_fn": 167342,
    "class_3_tn": 349799,
    "specificity_macro": 0.7912940455710114,
    "specificity_weighted": 0.5065884499625687,
    "accuracy": 0.6585877323214767,
    "precision": 0.31870683289955093,
    "recall": 0.29175591043722837,
    "f1": 0.2838778723597228,
    "f2": 0.2852789053519048,
    "roc_auc": 0.7240607085808517,
    "au_prc": 0.3340268684729526,
    "sensitivity": 0.29175591043722837,
    "confusion_matrix": [
        [
            345735,
            0,
            0,
            36702
        ],
        [
            3889,
            0,
            0,
            1141
        ],
        [
            175,
            0,
            0,
            936
        ],
        [
            167342,
            0,
            0,
            59714
        ]
    ],
    "dataset": "Test",
    "model_name": "XGBoost"
}