{
    "tp": 4699,
    "tn": 12,
    "fp": 44,
    "fn": 3,
    "specificity": 0.21428571428571427,
    "accuracy": 0.9901218999579655,
    "precision": 0.9907231709888257,
    "recall": 0.9993619736282433,
    "f1": 0.9950238221281101,
    "f2": 0.9976221816483376,
    "roc_auc": 0.9287328340523789,
    "au_prc": 0.9985254427943802,
    "sensitivity": 0.9993619736282433,
    "confusion_matrix": [
        [
            12,
            44
        ],
        [
            3,
            4699
        ]
    ],
    "dataset": "Test",
    "model_name": "XGBoost"
}