{
    "tp": 166309,
    "tn": 35995,
    "fp": 89518,
    "fn": 17870,
    "specificity": 0.286783042394015,
    "accuracy": 0.6532425764953567,
    "precision": 0.6500838457238681,
    "recall": 0.9029748234054914,
    "f1": 0.7559396917314763,
    "f2": 0.8377924180614845,
    "roc_auc": 0.6599550739861426,
    "au_prc": 0.7204931481533801,
    "sensitivity": 0.9029748234054914,
    "confusion_matrix": [
        [
            35995,
            89518
        ],
        [
            17870,
            166309
        ]
    ],
    "dataset": "Test",
    "model_name": "XGBoost"
}