{
    "tp": 357332,
    "tn": 52107,
    "fp": 181849,
    "fn": 26221,
    "specificity": 0.22272136641077808,
    "accuracy": 0.663049445433184,
    "precision": 0.6627310680457954,
    "recall": 0.9316365665240527,
    "f1": 0.774507062707129,
    "f2": 0.8617083206126384,
    "roc_auc": 0.6446548062952424,
    "au_prc": 0.7286034064521244,
    "sensitivity": 0.9316365665240527,
    "confusion_matrix": [
        [
            52107,
            181849
        ],
        [
            26221,
            357332
        ]
    ],
    "dataset": "Test",
    "model_name": "XGBoost"
}