{
    "tp": 290430,
    "tn": 5605,
    "fp": 10687,
    "fn": 1095,
    "specificity": 0.34403388165971027,
    "accuracy": 0.9617240113444027,
    "precision": 0.9645088121892819,
    "recall": 0.9962438898893748,
    "f1": 0.980119532533975,
    "f2": 0.9897308987014191,
    "roc_auc": 0.9682949827638564,
    "au_prc": 0.9979388086283189,
    "sensitivity": 0.9962438898893748,
    "confusion_matrix": [
        [
            5605,
            10687
        ],
        [
            1095,
            290430
        ]
    ],
    "dataset": "Test",
    "model_name": "XGBoost"
}