{
    "tp": 4365,
    "tn": 70,
    "fp": 309,
    "fn": 14,
    "specificity": 0.18469656992084432,
    "accuracy": 0.932114333753678,
    "precision": 0.9338896020539152,
    "recall": 0.9968029230417904,
    "f1": 0.9643212194852535,
    "f2": 0.9835511491662912,
    "roc_auc": 0.8929675152638432,
    "au_prc": 0.9874737872522118,
    "sensitivity": 0.9968029230417904,
    "confusion_matrix": [
        [
            70,
            309
        ],
        [
            14,
            4365
        ]
    ],
    "dataset": "Test",
    "model_name": "XGBoost"
}