{
    "tp": 249660,
    "tn": 30396,
    "fp": 20266,
    "fn": 9370,
    "specificity": 0.5999763136078323,
    "accuracy": 0.9043049223099079,
    "precision": 0.9249201633040166,
    "recall": 0.963826583793383,
    "f1": 0.9439726555705956,
    "f2": 0.9557856308277044,
    "roc_auc": 0.9252844100279538,
    "au_prc": 0.9795339940887294,
    "sensitivity": 0.963826583793383,
    "confusion_matrix": [
        [
            30396,
            20266
        ],
        [
            9370,
            249660
        ]
    ],
    "dataset": "Test",
    "model_name": "XGBoost"
}